<?xml version="1.0" encoding="UTF-8"?>
<KeyListEntries schema="org.gnome.settings-daemon.plugins.media-keys" group="system" name="Screenshots">

	<KeyListEntry name="screenshot" description="Take a screenshot"></KeyListEntry>

	<KeyListEntry name="window-screenshot" description="Take a screenshot of a window"></KeyListEntry>

	<KeyListEntry name="area-screenshot" description="Take a screenshot of an area"></KeyListEntry>

	<KeyListEntry name="screenshot-clip" description="Copy a screenshot to clipboard"></KeyListEntry>

	<KeyListEntry name="window-screenshot-clip" description="Copy a screenshot of a window to clipboard"></KeyListEntry>

	<KeyListEntry name="area-screenshot-clip" description="Copy a screenshot of an area to clipboard"></KeyListEntry>

</KeyListEntries>